"","Username","Password","First.Name","Last.Name","Email.Address","GoalsSet","GoalsAchieved","BranchName"
"1","cray","addodsnjej","Chris","Ray","cray@example.com",432,2134,"9223"
"2","ewalsh","mkybxipasq","Evan","Walsh","ewalsh@example.com",22,1242,"9223"
"3","hwagner","jdpogav","Hayley","Wagner","hwagner@example.com",4242,543,"9223"
"4","ssmith","hzxntzy9","Shelia","Smith","ssmith@example.com",423,1413,"8930"
"5","jdavis","xmbtgmoif","Joel","Davis","jdavis@example.com",234,432,"8930"
"6","cfisher","z2dqwaog","Cody","Fisher","cfisher@example.com",432,34,"8930"
"7","ccontreras","ksurweq","Chelsea","Contreras","ccontreras@example.com",54,524,"8930"
"8","ntaylor","vfl2utbgp","Nicholas","Taylor","ntaylor@example.com",243,423,"8821"
"9","areed","atwopunxvhm","Allen","Reed","areed@example.com",145,43,"8821"
"10","cblake","yzaos2nqwj","Christopher","Blake","cblake@example.com",8,432,"8821"
"11","ksalinas","pehwcftfxi","Kirsten","Salinas","ksalinas@example.com",1415,242,"8821"
"12","kmiller","okiwggayom","Kimberly","Miller","kmiller@example.com",142,3201,"8484"
"13","jdavidson","y21wvyl","Jon","Davidson","jdavidson@example.com",79,1863,"8484"
"14","jsalazar","swfppwcbahc","Jacob","Salazar","jsalazar@example.com",145,815,"8484"
"15","emartin","nlfnzoxfaw5","Ethan","Martin","emartin@example.com",19,2120,"8484"
"16","jmartin","cmlrtpxlh","James","Martin","jmartin@example.com",82,648,"8482"
"17","mgarcia","jckxzqgor","Mary","Garcia","mgarcia@example.com",49,51,"8482"
"18","csaunders","kizivrl","Christina","Saunders","csaunders@example.com",4,786,"8482"
"19","epace","ydzpgdah","Erica","Pace","epace@example.com",473,635,"8482"
"20","tchoi","nadjbqqv0","Tamara","Choi","tchoi@example.com",48,65,"8470"
"21","kaguirre","woqsq9es","Kristen","Aguirre","kaguirre@example.com",27,648,"8470"
"22","ttodd","2eadnlw","Theodore","Todd","ttodd@example.com",49,363,"8470"
"23","pfox","yljglw4j","Patricia","Fox","pfox@example.com",7,4802,"8470"
"24","kgibson","j1eprn5kqy","Kimberly","Gibson","kgibson@example.com",28,2795,"8468"
"25","vhenry","mzvsgq7ytrr","Victoria","Henry","vhenry@example.com",17,1223,"8468"
"26","wwheeler","ikqgrlwhzr","William","Wheeler","wwheeler@example.com",2,3180,"8468"
"27","dfuller","49ilrkfsc0c","David","Fuller","dfuller@example.com",159,972,"8468"
"28","dlove","akkqqwkxzj","David","Love","dlove@example.com",17,77,"8461"
"29","jnunez","waoyqzou","Joshua","Nunez","jnunez@example.com",10,1179,"8461"
"30","mmcclure","0iqihe6owj","Michael","Mcclure","mmcclure@example.com",17,953,"8461"
"31","kparsons","xa8fhfstfkz","Kimberly","Parsons","kparsons@example.com",3,98,"8461"
"32","jkelly","bfg9nm8","Jason","Kelly","jkelly@example.com",10,972,"8460"
"33","pperez","kzgmqlumqwe","Paul","Perez","pperez@example.com",7,545,"8460"
"34","pgarrett","v5bbvcymvcg","Peter","Garrett","pgarrett@example.com",2,7203,"8460"
"35","rbishop","kcumztn","Renee","Bishop","rbishop@example.com",54,4193,"8460"
"36","sjackson","sbbjkdj7","Scott","Jackson","sjackson@example.com",7,1835,"8456"
"37","fmontoya","uem6kjc","Frederick","Montoya","fmontoya@example.com",4,486,"8456"
"38","cgray","pbjnehq9","Christina","Gray","cgray@example.com",7,38,"8456"
"39","mfletcher","gwkmbwrzrbb","Matthew","Fletcher","mfletcher@example.com",7,590,"8456"
"40","swolfe","blmxazxiw","Sean","Wolfe","swolfe@example.com",28,476,"8453"
"41","kli","v2vwcokpsym","Kevin","Li","kli@example.com",17,49,"8453"
"42","kmyers","j1beadod","Kenneth","Myers","kmyers@example.com",2,486,"8453"
"43","eperkins","0gdmc8pfpt","Edward","Perkins","eperkins@example.com",159,272,"8453"
"44","tbrown","dtaguxz","Timothy","Brown","tbrown@example.com",17,3602,"8452"
"45","lrobinson","fspwbiavqbr","Larry","Robinson","lrobinson@example.com",10,2096,"8452"
"46","aallen","rpegvzomyj","Amber","Allen","aallen@example.com",17,917,"8452"
"47","ptucker","onlljkb","Peter","Tucker","ptucker@example.com",3,2385,"8452"
"48","jmay","audrb0gwvar","Jeffery","May","jmay@example.com",10,729,"8451"
"49","jmills","re8wgvp","Jonathan","Mills","jmills@example.com",7,58,"8451"
"50","msimmons","ckmkxujmltr","Michelle","Simmons","msimmons@example.com",2,884,"8451"
"51","dharper","cai29hb","Dana","Harper","dharper@example.com",54,715,"8451"
"52","jpowell","mfbpmoklby","Jennifer","Powell","jpowell@example.com",7,74,"8444"
"53","kporter","ytdllxyfi9","Kimberly","Porter","kporter@example.com",4,729,"8444"
"54","rmartinez","nueveds","Rachel","Martinez","rmartinez@example.com",35,409,"8444"
"55","kbowers","iekhaphb","Karen","Bowers","kbowers@example.com",7,5402,"8444"
"56","kschroeder","rgwnjmwoui","Kimberly","Schroeder","kschroeder@example.com",21,3145,"8442"
"57","jmartinez","owntrpg","Jennifer","Martinez","jmartinez@example.com",15,1376,"8442"
"58","jwood","1aesiibnf","James","Wood","jwood@example.com",5,365,"8442"
"59","nlam","wnonya3xjw","Nicholas","Lam","nlam@example.com",109,29,"8442"
"60","wcrawford","shivyrbqjt","Walter","Crawford","wcrawford@example.com",15,443,"8439"
"61","aramsey","uwmh47ljqo","Amanda","Ramsey","aramsey@example.com",9,357,"8439"
"62","jadams","txhvfjlhg","Joanna","Adams","jadams@example.com",15,37,"8439"
"63","jsanchez","lakgrfwhw1","Justin","Sanchez","jsanchez@example.com",15,365,"8439"
"64","vclay","mjthcuaody","Veronica","Clay","vclay@example.com",57,204,"8437"
"65","kmurphy","rgp4dovei","Kelsey","Murphy","kmurphy@example.com",35,2702,"8437"
"66","achoi","xfnaouege6","Amy","Choi","achoi@example.com",5,1572,"8437"
"67","kchase","n8bprnvpemv","Kayla","Chase","kchase@example.com",319,688,"8437"
"68","jrussell","8odmhtcexrm","James","Russell","jrussell@example.com",35,1789,"8435"
"69","dbrown","drxrekigf","Debra","Brown","dbrown@example.com",21,547,"8435"
"70","trobles","gnedlsywxy","Thomas","Robles","trobles@example.com",35,44,"8435"
"71","aestrada","oqob2aeb","Aaron","Estrada","aestrada@example.com",7,663,"8435"
"72","dgalvan","tfvpfif","Donald","Galvan","dgalvan@example.com",21,536,"8428"
"73","trivera","dc7aposydg","Troy","Rivera","trivera@example.com",15,56,"8428"
"74","ptaylor","v8itpemenr","Paul","Taylor","ptaylor@example.com",5,547,"8428"
"75","aduncan","vxngwirb","Anthony","Duncan","aduncan@example.com",109,307,"8428"
"76","rgreen","l7mkzqzrbe","Randy","Green","rgreen@example.com",15,4052,"8421"
"77","mherrera","vdlvtbxn8h","Martin","Herrera","mherrera@example.com",9,2359,"8421"
"78","jhudson","vvpvqx5o0","Justin","Hudson","jhudson@example.com",71,1032,"8421"
"79","jgreen","0nfht9lpmiw","Joshua","Green","jgreen@example.com",15,274,"8421"
"80","cmedina","3zdzkiq","Cory","Medina","cmedina@example.com",43,22,"8418"
"81","dblackwell","dmvsoyadu","Devin","Blackwell","dblackwell@example.com",31,332,"8418"
"82","mmathis","mqmqowskdyd","Mark","Mathis","mmathis@example.com",11,268,"8418"
"83","dstewart","tbouhbyn5","David","Stewart","dstewart@example.com",219,28,"8418"
"84","ghansen","3mgpowfl","Gregory","Hansen","ghansen@example.com",31,274,"8415"
"85","ecox","zwmiotaw","Evan","Cox","ecox@example.com",19,153,"8415"
"86","cmccarty","ltxenbc","Cody","Mccarty","cmccarty@example.com",31,2027,"8415"
"87","mmaddox","lyigyupyea","Michael","Maddox","mmaddox@example.com",31,1179,"8415"
"88","acaldwell","efygghry","Alyssa","Caldwell","acaldwell@example.com",115,516,"8409"
"89","djones","mlqiq7mvf","Dwayne","Jones","djones@example.com",71,1342,"8409"
"90","phernandez","ekhfwf3","Paul","Hernandez","phernandez@example.com",11,410,"8409"
"91","cgriffin","w2srad8hapq","Cynthia","Griffin","cgriffin@example.com",639,33,"8409"
"92","cbaker","qwtqbvx","Chris","Baker","cbaker@example.com",71,497,"8402"
"93","mrodriguez","oxaz2btxduc","Michael","Rodriguez","mrodriguez@example.com",43,402,"8402"
"94","egregory","zgtfmv95","Eddie","Gregory","egregory@example.com",71,42,"8402"
"95","mbrown","quya7a7fvx","Melissa","Brown","mbrown@example.com",15,410,"8402"
"96","rcortez","tjsckrrmmo","Ryan","Cortez","rcortez@example.com",43,230,"8399"
"97","cmyers","ntcbdkhdj","Christina","Myers","cmyers@example.com",31,3039,"8399"
"98","eallen","flidcgpza1","Erin","Allen","eallen@example.com",11,1769,"8399"
"99","nnelson","ffroikfp","Nicole","Nelson","nnelson@example.com",219,774,"8399"
"100","slloyd","iyihwiuzux","Stephanie","Lloyd","slloyd@example.com",31,206,"8397"
